mean_fit_time,std_fit_time,mean_score_time,std_score_time,param_model__max_depth,param_model__max_features,param_model__min_samples_leaf,param_model__min_samples_split,param_model__n_estimators,params,split0_test_score,split1_test_score,split2_test_score,split3_test_score,split4_test_score,mean_test_score,std_test_score,rank_test_score,split0_train_score,split1_train_score,split2_train_score,split3_train_score,split4_train_score,mean_train_score,std_train_score
19.493725204467772,8.984294045837474,2.5299827575683596,1.9678734889916918,15,sqrt,2,10,200,"{'model__max_depth': 15, 'model__max_features': 'sqrt', 'model__min_samples_leaf': 2, 'model__min_samples_split': 10, 'model__n_estimators': 200}",0.516529301622133,0.5186779816940111,0.5148838614712785,0.5181134870651384,0.5015422208927086,0.513949370549054,0.006342969492914961,24,0.8362712726803038,0.8301009724288,0.834730491062028,0.8375016939798684,0.835881710163207,0.8348972280628413,0.0025562595980919895
23.731317281723022,0.6905686427310821,1.3930711269378662,0.8124934602350468,15,sqrt,2,15,200,"{'model__max_depth': 15, 'model__max_features': 'sqrt', 'model__min_samples_leaf': 2, 'model__min_samples_split': 15, 'model__n_estimators': 200}",0.5202224870297835,0.5151448857964814,0.5236816402924206,0.5194638225513909,0.5021436962407488,0.5161313063821651,0.007503029099051449,10,0.7967616024833842,0.7940240206946,0.7974480490353724,0.8001092934500642,0.800272849690355,0.7977231630707552,0.002318553896718573
22.03440480232239,1.0573296971939807,2.696126842498779,0.8391982620885554,15,sqrt,2,20,200,"{'model__max_depth': 15, 'model__max_features': 'sqrt', 'model__min_samples_leaf': 2, 'model__min_samples_split': 20, 'model__n_estimators': 200}",0.5181174885921876,0.5185571510785228,0.5247145888163014,0.5172790514953275,0.5023377711391399,0.5162012102242959,0.007416965420116946,9,0.7677141263852727,0.7637807104214809,0.7671265284448393,0.7664928923683281,0.7685710129292199,0.7667370541098282,0.0016290701887851685
23.2296706199646,1.2965375466493276,1.5107576847076416,1.1800686536327891,15,sqrt,3,10,200,"{'model__max_depth': 15, 'model__max_features': 'sqrt', 'model__min_samples_leaf': 3, 'model__min_samples_split': 10, 'model__n_estimators': 200}",0.5182574638541294,0.5171800864051131,0.5210619888776943,0.5210070432244432,0.4972223950324428,0.5149457954787646,0.008991381125057927,18,0.8248466064395604,0.8201672702161452,0.8254588355790903,0.8282420159295683,0.8244418272134945,0.8246313110755719,0.002597379578304635
18.68758659362793,4.698104925769051,3.133001518249512,2.139726990988706,15,sqrt,3,15,200,"{'model__max_depth': 15, 'model__max_features': 'sqrt', 'model__min_samples_leaf': 3, 'model__min_samples_split': 15, 'model__n_estimators': 200}",0.5131081217262726,0.5176107855288038,0.5270124988948938,0.5154138806684953,0.4984556122871808,0.5143201798211292,0.009233339794480367,21,0.7913181342044702,0.785640602331481,0.79052677508282,0.7910186999309167,0.7920949161314629,0.7901198255362301,0.002296691104724867
14.2162926197052,0.06657525107199468,4.9321386337280275,0.0953535101971264,15,sqrt,3,20,200,"{'model__max_depth': 15, 'model__max_features': 'sqrt', 'model__min_samples_leaf': 3, 'model__min_samples_split': 20, 'model__n_estimators': 200}",0.5211030216464225,0.5210006571291746,0.5245485885162826,0.5180160273934239,0.5036861432028493,0.5176708875776306,0.0072919390624786385,5,0.7614327346069222,0.7578993535481972,0.7609247861227416,0.7630907453594934,0.7635467370912826,0.7613788713457273,0.0019973128585041118
19.445514965057374,4.217637346287299,3.8006518363952635,0.9781728471874934,15,sqrt,4,10,200,"{'model__max_depth': 15, 'model__max_features': 'sqrt', 'model__min_samples_leaf': 4, 'model__min_samples_split': 10, 'model__n_estimators': 200}",0.515902874068682,0.5181841369072903,0.5271725937882069,0.517453256700774,0.5025379463591115,0.5162501615648128,0.007907372239354313,8,0.8166012706635475,0.8093945548175862,0.8135225522906416,0.8148097729277147,0.8183550096845998,0.8145366320768179,0.0030458713802946936
22.510277938842773,2.4144358865754225,3.9307985305786133,0.9826927841102198,15,sqrt,4,15,200,"{'model__max_depth': 15, 'model__max_features': 'sqrt', 'model__min_samples_leaf': 4, 'model__min_samples_split': 15, 'model__n_estimators': 200}",0.5192690994082195,0.5227022636244351,0.5242916053718895,0.517737969406201,0.5063744110288444,0.518075069767918,0.006300809412532359,4,0.7831672401754802,0.7777026693680479,0.7838227252181854,0.7834732770425256,0.7833045830903975,0.7822940989789273,0.0023061586521890337
21.05666561126709,2.8563948576470155,4.1452470302581785,1.3864606012139014,15,sqrt,4,20,200,"{'model__max_depth': 15, 'model__max_features': 'sqrt', 'model__min_samples_leaf': 4, 'model__min_samples_split': 20, 'model__n_estimators': 200}",0.516316962421111,0.5274425406369999,0.5211869305764169,0.513552569710351,0.5011450439024165,0.5159288094494591,0.008770071213185793,11,0.7582111682114485,0.7535457446514969,0.7555390377176928,0.7592678605350844,0.759128921441779,0.7571385465115003,0.002241104257816892
15.926950263977051,0.321745420976105,0.9825075149536133,0.24562974430759504,15,sqrt,5,10,200,"{'model__max_depth': 15, 'model__max_features': 'sqrt', 'model__min_samples_leaf': 5, 'model__min_samples_split': 10, 'model__n_estimators': 200}",0.515303501817467,0.5119820729134034,0.5223536132739666,0.5176876641829278,0.5018042510823045,0.5138262206540138,0.0068954791556499135,25,0.8024633203571807,0.7977595455118279,0.7982996273197437,0.8049544858756721,0.8025983234952777,0.8012150605119404,0.0027530058404367785
14.986709785461425,0.6689268606984174,1.0009752750396728,0.40445752544187774,15,sqrt,5,15,200,"{'model__max_depth': 15, 'model__max_features': 'sqrt', 'model__min_samples_leaf': 5, 'model__min_samples_split': 15, 'model__n_estimators': 200}",0.5188120909540284,0.5233729610966912,0.5256511471013176,0.5270823353325218,0.5054580968929973,0.5200753262755112,0.007827151557480587,1,0.7751470005325422,0.7720338257205372,0.7706243506793266,0.775917437776196,0.7733251503985373,0.7734095530214279,0.001947578562866673
18.45745210647583,6.427639024906536,5.257318019866943,2.663517422162811,15,sqrt,5,20,200,"{'model__max_depth': 15, 'model__max_features': 'sqrt', 'model__min_samples_leaf': 5, 'model__min_samples_split': 20, 'model__n_estimators': 200}",0.5241679063841426,0.523407114862918,0.5257933318308421,0.5152570951410859,0.5080012716781382,0.5193253439794254,0.006733964554857891,2,0.7482587236276553,0.7463777543926028,0.7499125679136313,0.7543172467030024,0.7515960093837067,0.7500924604041197,0.002731427151901949
28.68390326499939,0.34982009046486834,1.449509572982788,0.10747581291098299,20,sqrt,2,10,200,"{'model__max_depth': 20, 'model__max_features': 'sqrt', 'model__min_samples_leaf': 2, 'model__min_samples_split': 10, 'model__n_estimators': 200}",0.5146933223154551,0.5049501988772058,0.5236855117958191,0.5103309818826086,0.4948768495878591,0.5097073728917896,0.00962509296705835,35,0.8917704963987679,0.8924569801361818,0.8958684043356119,0.8920213446330036,0.8898842978373501,0.8924003046681831,0.0019442986884312613
25.335497331619262,2.4908850683142765,2.209086227416992,1.322913343892825,20,sqrt,2,15,200,"{'model__max_depth': 20, 'model__max_features': 'sqrt', 'model__min_samples_leaf': 2, 'model__min_samples_split': 15, 'model__n_estimators': 200}",0.5157187333037275,0.5093651676506568,0.5275201079447481,0.516369368941581,0.4930974735169267,0.512414170271528,0.011288793352984057,29,0.8434555290298954,0.8404707162608526,0.84336153514786,0.8469829028450159,0.8420566344219252,0.8432654635411099,0.0021511201650196233
25.678180027008057,0.30847013110886573,1.0069722652435302,0.08230707215092278,20,sqrt,2,20,200,"{'model__max_depth': 20, 'model__max_features': 'sqrt', 'model__min_samples_leaf': 2, 'model__min_samples_split': 20, 'model__n_estimators': 200}",0.5203209631536991,0.5195913236579334,0.5227986148729453,0.5150436806612569,0.501870421369527,0.5159250007430723,0.0074608432082703124,12,0.8097567119819497,0.8002658435208597,0.8056494682352054,0.8088891037602846,0.8052785115748414,0.8059679278146282,0.003346001521836953
21.043828201293945,5.530708900376465,2.9677061557769777,1.8608545726348351,20,sqrt,3,10,200,"{'model__max_depth': 20, 'model__max_features': 'sqrt', 'model__min_samples_leaf': 3, 'model__min_samples_split': 10, 'model__n_estimators': 200}",0.5173641476987647,0.5071508229685349,0.5225247081908972,0.5188288832421948,0.4953670137150162,0.5122471151630815,0.009859438427142347,30,0.876504619795476,0.87684029048668,0.8795495144578345,0.8803041783542769,0.875102061557011,0.8776601329302556,0.0019550867064452118
18.1929621219635,3.0903157834972466,4.959029960632324,0.32831394801996744,20,sqrt,3,15,200,"{'model__max_depth': 20, 'model__max_features': 'sqrt', 'model__min_samples_leaf': 3, 'model__min_samples_split': 15, 'model__n_estimators': 200}",0.5144166162013403,0.513791659294112,0.5226743248319577,0.5180144588911716,0.497391220158183,0.513257655875353,0.008540175176483577,26,0.8338520997776563,0.8299572348041014,0.8333784627780533,0.8346831995255295,0.8330247484566898,0.8329791490684061,0.0016099271700878192
20.453560447692873,2.8565777933551857,4.314002799987793,0.28724263858935567,20,sqrt,3,20,200,"{'model__max_depth': 20, 'model__max_features': 'sqrt', 'model__min_samples_leaf': 3, 'model__min_samples_split': 20, 'model__n_estimators': 200}",0.5170892144530326,0.5183388585427181,0.5269603715503418,0.5218514198911829,0.5018765406884699,0.5172232810251491,0.008402565409016604,6,0.7991120534144275,0.7936567733591177,0.7986084527276857,0.801627430959614,0.796952316319874,0.7979914053561438,0.002635375582086597
23.98275966644287,2.2683898789455057,3.6876532077789306,0.35408011085809116,20,sqrt,4,10,200,"{'model__max_depth': 20, 'model__max_features': 'sqrt', 'model__min_samples_leaf': 4, 'model__min_samples_split': 10, 'model__n_estimators': 200}",0.5124769202484667,0.5096296142513108,0.519742186934377,0.5090547540049908,0.49770083908790164,0.5097208629054094,0.007112746126909484,34,0.8626108843430099,0.8576776441401716,0.8646082968330657,0.860491213543131,0.8599673858991007,0.8610710849516957,0.002364431984629056
23.387462282180785,1.4574392617524288,4.0170434474945065,0.18194218940916707,20,sqrt,4,15,200,"{'model__max_depth': 20, 'model__max_features': 'sqrt', 'model__min_samples_leaf': 4, 'model__min_samples_split': 15, 'model__n_estimators': 200}",0.513135185809907,0.5221727232403565,0.5214476053125696,0.5175676052687074,0.5005739513943056,0.5149794142051692,0.007889213664593003,17,0.8226739741045451,0.8184549542710929,0.8221909999481539,0.8215027346301107,0.8219170255215952,0.8213479376950996,0.001495747482607396
15.770948028564453,0.7456794839740034,2.85984320640564,0.6395823467809272,20,sqrt,4,20,200,"{'model__max_depth': 20, 'model__max_features': 'sqrt', 'model__min_samples_leaf': 4, 'model__min_samples_split': 20, 'model__n_estimators': 200}",0.5194972165045455,0.5179333301271156,0.5227295446843635,0.5145259950735018,0.5015497116104471,0.5152471595999948,0.007340364323984331,15,0.7878208632584726,0.7874313710582678,0.7922738600939635,0.7900507344720129,0.7883424242790404,0.7891838506323514,0.0017853046581073062
15.188461351394654,0.4531724211589159,1.828523588180542,0.2657267589849001,20,sqrt,5,10,200,"{'model__max_depth': 20, 'model__max_features': 'sqrt', 'model__min_samples_leaf': 5, 'model__min_samples_split': 10, 'model__n_estimators': 200}",0.5178025447942535,0.5171989028586597,0.5238330042164496,0.5131742715633109,0.4996865336083194,0.5143390514081986,0.008079141868318462,20,0.8431501652703514,0.8400397358278067,0.8443463366896807,0.845787113136412,0.841060839091975,0.8428768380032452,0.0021000398250852676
17.00398716926575,2.2747648067039856,5.258117151260376,1.1404572023455763,20,sqrt,5,15,200,"{'model__max_depth': 20, 'model__max_features': 'sqrt', 'model__min_samples_leaf': 5, 'model__min_samples_split': 15, 'model__n_estimators': 200}",0.5158435498839726,0.5178177067483517,0.5224113258773779,0.5145286653754714,0.49951999917991063,0.5140242494130168,0.007728789486917157,22,0.8101937455330727,0.8097926649416239,0.8082664292601126,0.8130073861875768,0.810512468598605,0.8103545389041983,0.0015339034676957318
20.981451797485352,0.8396253617539193,5.864930963516235,0.34392029501692994,20,sqrt,5,20,200,"{'model__max_depth': 20, 'model__max_features': 'sqrt', 'model__min_samples_leaf': 5, 'model__min_samples_split': 20, 'model__n_estimators': 200}",0.5225164468971913,0.517034849220478,0.5267707555208124,0.5148480315668965,0.5019024948662515,0.5166145156143259,0.00845840058909284,7,0.7819917768034331,0.7761922562031175,0.7797990698926404,0.7810775956299058,0.781983520501738,0.780208843806167,0.002162588625280851
22.98152208328247,2.1057970561006036,3.4163228988647463,0.7580737462085915,25,sqrt,2,10,200,"{'model__max_depth': 25, 'model__max_features': 'sqrt', 'model__min_samples_leaf': 2, 'model__min_samples_split': 10, 'model__n_estimators': 200}",0.5143382376352313,0.5086434802796991,0.5130339970707317,0.5136790825386292,0.4957808974044542,0.5090951389857491,0.006949679840534515,36,0.9116631878324934,0.9097161377674897,0.9091192180732953,0.9094974659320507,0.9054543891523377,0.9090900797515336,0.002019796648704858
22.63445520401001,0.17077285121919386,1.7865607261657714,0.7282575304801973,25,sqrt,2,15,200,"{'model__max_depth': 25, 'model__max_features': 'sqrt', 'model__min_samples_leaf': 2, 'model__min_samples_split': 15, 'model__n_estimators': 200}",0.5141435856527852,0.5082011652087118,0.5233111659652151,0.5113075465749856,0.502187035249689,0.5118300997302774,0.006979942967437049,32,0.8603168401612299,0.8545691544114082,0.8578865409178755,0.8589221753452213,0.855747170155905,0.857488376198328,0.002086536740647359
17.50176329612732,2.901568291659755,3.2875407695770265,1.7439719036732513,25,sqrt,2,20,200,"{'model__max_depth': 25, 'model__max_features': 'sqrt', 'model__min_samples_leaf': 2, 'model__min_samples_split': 20, 'model__n_estimators': 200}",0.5142210716239954,0.5200282640976752,0.5246181204501882,0.5176198225437258,0.4998372590893214,0.5152649075609812,0.008424009879515788,14,0.82036599497707,0.8112182788297253,0.8169580736679681,0.8167867746192189,0.8181417089291969,0.8166941662046359,0.003021300133514162
22.374071550369262,7.415544868133159,4.536829137802124,2.6098775566888093,25,sqrt,3,10,200,"{'model__max_depth': 25, 'model__max_features': 'sqrt', 'model__min_samples_leaf': 3, 'model__min_samples_split': 10, 'model__n_estimators': 200}",0.5159832240695407,0.513768796588388,0.5212440145136259,0.512463979115573,0.4961417793204226,0.51192035872151,0.008439351228181638,31,0.8919160755877295,0.88961575407771,0.8911063189429553,0.891920665734665,0.8891442932552435,0.8907406215196607,0.0011594414095284758
25.413337469100952,3.5945592002085216,3.5839179039001463,1.6386642565890932,25,sqrt,3,15,200,"{'model__max_depth': 25, 'model__max_features': 'sqrt', 'model__min_samples_leaf': 3, 'model__min_samples_split': 15, 'model__n_estimators': 200}",0.5220955173795699,0.5062194595327142,0.5270805898397617,0.5156804402776242,0.5016325901468458,0.5145417194353031,0.009502478081339616,19,0.8451550832165102,0.8406062157293377,0.8441787465989914,0.8430357726124296,0.8440911235511751,0.8434133883416888,0.0015557256202618805
23.809603357315062,1.100329823792764,2.819267177581787,1.0397742971775759,25,sqrt,3,20,200,"{'model__max_depth': 25, 'model__max_features': 'sqrt', 'model__min_samples_leaf': 3, 'model__min_samples_split': 20, 'model__n_estimators': 200}",0.5202114271131169,0.5170067006848996,0.5220468604593212,0.5176230296341354,0.4991001653042593,0.5151976366391465,0.0082502580460858,16,0.8069947491583794,0.8044424072603058,0.8052764029954546,0.8061165689277517,0.8065288586724567,0.8058717974028695,0.0009110778162842997
24.31986708641052,0.9518934945950471,2.100648832321167,0.34396901991728374,25,sqrt,4,10,200,"{'model__max_depth': 25, 'model__max_features': 'sqrt', 'model__min_samples_leaf': 4, 'model__min_samples_split': 10, 'model__n_estimators': 200}",0.5163894797638,0.5114856079678942,0.5194478187457211,0.5108883772296933,0.4957906519717623,0.5108003871357741,0.008145986120692025,33,0.8751459700452443,0.8711140311490541,0.8737350454398033,0.8736724884758492,0.8707132337333495,0.8728761537686601,0.001691579676146227
14.428970527648925,4.383067674239189,3.637252187728882,0.9055656415725161,25,sqrt,4,15,200,"{'model__max_depth': 25, 'model__max_features': 'sqrt', 'model__min_samples_leaf': 4, 'model__min_samples_split': 15, 'model__n_estimators': 200}",0.5137207222246845,0.5174010278058283,0.5249101627795966,0.5142459635760052,0.4997958006735514,0.5140147354119331,0.008154695935637047,23,0.8321883604053034,0.8297380002403457,0.8309940327120181,0.8311884239952031,0.8290978205739917,0.8306413275853723,0.0010968536931067665
15.705485725402832,2.1978754577565884,3.1862191200256347,1.0004107354040461,25,sqrt,4,20,200,"{'model__max_depth': 25, 'model__max_features': 'sqrt', 'model__min_samples_leaf': 4, 'model__min_samples_split': 20, 'model__n_estimators': 200}",0.5162237495355038,0.5209504846074494,0.5277548042150858,0.5110376694968223,0.5020232590762074,0.5155979933862138,0.00873955088233004,13,0.796234975607558,0.7915108854059484,0.7951148672159901,0.7987814442753218,0.7972950841499262,0.7957874513309489,0.0024567708052863732
16.53017077445984,3.108744957275819,3.5591274738311767,0.6408709964225181,25,sqrt,5,10,200,"{'model__max_depth': 25, 'model__max_features': 'sqrt', 'model__min_samples_leaf': 5, 'model__min_samples_split': 10, 'model__n_estimators': 200}",0.5170573648296679,0.5105156601036801,0.5252368227325491,0.5115528902989358,0.49892437024084774,0.5126574216411363,0.008625597540033288,27,0.8543868237816662,0.8494914535815132,0.8544699751562601,0.8555993259272094,0.8511706174255033,0.8530236391744305,0.0023019273211372223
22.34467840194702,0.4646216179646463,1.20904483795166,0.19492199187454406,25,sqrt,5,15,200,"{'model__max_depth': 25, 'model__max_features': 'sqrt', 'model__min_samples_leaf': 5, 'model__min_samples_split': 15, 'model__n_estimators': 200}",0.5175715205780037,0.5082591021356547,0.5158645449372136,0.5162936126834968,0.5041208015851771,0.5124219163839092,0.0052838939488846996,28,0.8187922065195995,0.8185421415840933,0.8173081436884791,0.8188433070268841,0.8166708203624561,0.8180313238363025,0.0008801310311016671
16.474496603012085,3.5812529652555836,1.1974551200866699,0.9907048368679428,25,sqrt,5,20,200,"{'model__max_depth': 25, 'model__max_features': 'sqrt', 'model__min_samples_leaf': 5, 'model__min_samples_split': 20, 'model__n_estimators': 200}",0.5221126319982794,0.5186014056511826,0.5276487030243843,0.5181170007072017,0.5047793053337221,0.518251809342954,0.007547931076285066,3,0.7885430377222656,0.7814477950947603,0.7853668098437043,0.7873194878003481,0.7861484668743196,0.7857651194670796,0.0024115466520263445
